{"Exemple": {
    "Nodes": {
        "1": {"Half-life": 0.0, "Recycling": 0.0, "Name": "Noeud1", "X": 17.400000000000183, "Y": -83.25503554670017}, 
        "2": {"Half-life": 10.0, "Recycling": 0.0, "Name": "Noeud3", "X": 17.400000000000183, "Y": 203.88498282397282}, 
        "3": {"Half-life": 0.0, "Recycling": 0.0, "Name": "Noeud2", "X": 354.4683293163233, "Y": -83.25503554670017}, 
        "4": {"Half-life": 0.0, "Recycling": 0.0, "Name": "Noeud4", "X": 354.4683293163233, "Y": 203.88498282397282}, 
        "5": {"Half-life": 0.0, "Recycling": 0.0, "Name": "CO2 emissions", "X": 876.7906710496333, "Y": 682.6239307486767}, 
        "6": {"Half-life": 0.0, "Recycling": 0.0, "Name": "CH4 emissions", "X": -356.7158966630121, "Y": 682.6239307486765}, 
        "7": {"Half-life": 0.0, "Recycling": 0.0, "Name": "Entree", "X": 165.85754369897865, "Y": -318.4592037538437}, 
        "8": {"Half-life": 0.0, "Recycling": 0.0, "Name": "Noeud4bis", "X": 176.6435843775204, "Y": 50.36758317982681}}, 
    "Edges": {
        "1": {"From": 1, "To": 2, "Values": [1.0], "Overflow": 0.0}, 
        "2": {"From": 3, "To": 8, "Values": [0.25], "Overflow": 0.0}, 
        "3": {"From": 3, "To": 4, "Values": [0.75], "Overflow": 0.0}, 
        "4": {"From": 2, "To": 6, "Values": [0.5, 0.5, 0.5, 0.75], "Overflow": 0.0}, 
        "5": {"From": 2, "To": 5, "Values": [0.5, 0.5, 0.5, 0.25], "Overflow": 0.0}, 
        "6": {"From": 4, "To": 5, "Values": [1.0], "Overflow": 0.0}, 
        "7": {"From": 7, "To": 1, "Values": [0.5], "Overflow": 0.0}, 
        "8": {"From": 7, "To": 3, "Values": [0.5], "Overflow": 0.0}, 
        "9": {"From": 8, "To": 2, "Values": [1.0], "Overflow": 0.0}
        }
    }
}